Product_Name, Prices, Ratings
Apple iPhone 7 Plus (Rose Gold, 32 GB) , ₹34,999₹37,9007% offNo Cost EMIUpto ₹14,050 Off on Exchange , 4.521,089 Ratings & 2,335 Reviews 
Apple iPhone 7 Plus (Black, 32 GB) , ₹34,999₹37,9007% offNo Cost EMIUpto ₹14,050 Off on Exchange , 4.521,089 Ratings & 2,335 Reviews 
Apple iPhone 7 Plus (Gold, 32 GB) , ₹34,999₹37,9007% offNo Cost EMIUpto ₹14,050 Off on Exchange , 4.521,089 Ratings & 2,335 Reviews 
Apple iPhone 7 Plus (Gold, 256 GB) , ₹34,999₹37,9007% offNo Cost EMIUpto ₹14,050 Off on Exchange , 4.521,089 Ratings & 2,335 Reviews 
Apple iPhone 7 Plus (Red, 128 GB) , ₹34,999₹37,9007% offNo Cost EMIUpto ₹14,050 Off on Exchange , 4.521,089 Ratings & 2,335 Reviews 
Apple iPhone 7 Plus (Silver, 32 GB) , ₹34,999₹37,9007% offNo Cost EMIUpto ₹14,050 Off on Exchange , 4.521,089 Ratings & 2,335 Reviews 
Apple iPhone 7 Plus (Jet Black, 32 GB) , ₹34,999₹37,9007% offNo Cost EMIUpto ₹14,050 Off on Exchange , 4.521,089 Ratings & 2,335 Reviews 
Apple iPhone 7 Plus (Silver, 256 GB) , ₹34,999₹37,9007% offNo Cost EMIUpto ₹14,050 Off on Exchange , 4.521,089 Ratings & 2,335 Reviews 
Apple iPhone 7 Plus (Black, 128 GB) , ₹34,999₹37,9007% offNo Cost EMIUpto ₹14,050 Off on Exchange , 4.521,089 Ratings & 2,335 Reviews 
Apple iPhone 7 Plus (Silver, 128 GB) , ₹34,999₹37,9007% offNo Cost EMIUpto ₹14,050 Off on Exchange , 4.521,089 Ratings & 2,335 Reviews 
Apple iPhone 7 Plus (Rose Gold, 128 GB) , ₹34,999₹37,9007% offNo Cost EMIUpto ₹14,050 Off on Exchange , 4.521,089 Ratings & 2,335 Reviews 
Apple iPhone 7 Plus (Jet Black, 256 GB) , ₹34,999₹37,9007% offNo Cost EMIUpto ₹14,050 Off on Exchange , 4.521,089 Ratings & 2,335 Reviews 
Apple iPhone 7 Plus (Rose Gold, 256 GB) , ₹34,999₹37,9007% offNo Cost EMIUpto ₹14,050 Off on Exchange , 4.521,089 Ratings & 2,335 Reviews 
Apple iPhone 7 Plus (Jet Black, 128 GB) , ₹34,999₹37,9007% offNo Cost EMIUpto ₹14,050 Off on Exchange , 4.521,089 Ratings & 2,335 Reviews 
Apple iPhone 7 Plus (Gold, 128 GB) , ₹34,999₹37,9007% offNo Cost EMIUpto ₹14,050 Off on Exchange , 4.521,089 Ratings & 2,335 Reviews 
Apple iPhone 7 Plus (Black, 256 GB) , ₹34,999₹37,9007% offNo Cost EMIUpto ₹14,050 Off on Exchange , 4.521,089 Ratings & 2,335 Reviews 
Apple iPhone 8 Plus (Silver, 64 GB) , ₹34,999₹37,9007% offNo Cost EMIUpto ₹14,050 Off on Exchange , 4.521,089 Ratings & 2,335 Reviews 
Apple iPhone 8 Plus (Silver, 256 GB) , ₹34,999₹37,9007% offNo Cost EMIUpto ₹14,050 Off on Exchange , 4.521,089 Ratings & 2,335 Reviews 
Apple iPhone 8 Plus (Gold, 64 GB) , ₹34,999₹37,9007% offNo Cost EMIUpto ₹14,050 Off on Exchange , 4.521,089 Ratings & 2,335 Reviews 
Apple iPhone 8 Plus (PRODUCT)RED (Red, 256 GB) , ₹34,999₹37,9007% offNo Cost EMIUpto ₹14,050 Off on Exchange , 4.521,089 Ratings & 2,335 Reviews 
Apple iPhone 8 Plus (Space Grey, 256 GB) , ₹34,999₹37,9007% offNo Cost EMIUpto ₹14,050 Off on Exchange , 4.521,089 Ratings & 2,335 Reviews 
Apple iPhone 8 Plus (Space Grey, 64 GB) , ₹34,999₹37,9007% offNo Cost EMIUpto ₹14,050 Off on Exchange , 4.521,089 Ratings & 2,335 Reviews 
Apple iPhone 8 Plus (Gold, 256 GB) , ₹34,999₹37,9007% offNo Cost EMIUpto ₹14,050 Off on Exchange , 4.521,089 Ratings & 2,335 Reviews 
Apple iPhone 8 Plus (PRODUCT)RED (Red, 64 GB) , ₹34,999₹37,9007% offNo Cost EMIUpto ₹14,050 Off on Exchange , 4.521,089 Ratings & 2,335 Reviews 
